{
    "SmthLen": 5.943001611746657,
    "fastPeriod": 9.801340292357564,
    "slowPeriod": 12.571338928741678,
    "smooth_window": 42.98537666449302,
    "thresh": 0.16548251641172806
}