{
    "linprd": 8.300886350676691,
    "maprd": 33.71406247592236,
    "matype_idx": 3.3678485264376943,
    "prd": 10.518083903181687,
    "rateinp": 1.6696328475196578,
    "smooth_window": 2.2282587197231276,
    "ulinreg_idx": 0.021098564751887205
}